sentence_id,plaintext,enc_bits,enc_bits_wo_ef
0,This is just a precious little diamond.,AzfEJLAk0Qo=,AzfEJLAk0Qo=
1,"The play, the script are excellent.",clLDKvSGlQOA,A3jaZesu8XMg
2,"I cant compare this movie with anything else, maybe except the movie ""Leon"" wonderfully played by Jean Reno and Natalie Portman.",ySHG6mmJAqCVXRJyugqgIb/Y8KiK,CbPTNxwmjqwSpNHxQFtKeO5dkf+S
3,But... What can I say about this one?,cgU2RhOJpgA=,AwSpzNab7uA=
4,"This is the best movie Anne Parillaud has ever played in (See please ""Frankie Starlight"", she's speaking English there) to see what I mean.",GcQ0AaUKdf1izKj0ajqv8WxYSzkHiZG8SAgql8NKoA==,DofYATnzpqm8iM9YTCzKobeQci4FDuEocA/M5X2MwA==
5,"The story of young punk girl Nikita, taken into the depraved world of the secret government forces has been exceptionally over used by Americans.",6Z5xEojsRWQJSYgIcRxirU82/BkeNRZZDoA=,C/nmr8x4mEWTXnlUFA9uCXLyMe1oVTuadqA=
6,"Never mind the ""Point of no return"" and especially the ""La femme Nikita"" TV series.",CBHarUHKsTLuRAszgQgwiEk4,CBHarUHKsTLuRAszgQgwiEk4
7,They cannot compare the original believe me!,lkn2AJY+uq6RAMA=,BHUu0coezfkY54A=
8,"Trash these videos.Buy this one, do not rent it, BUY it.",B4qx6kxEZktgNRsJg/FoSWA=,B4qx6kxEZktgNRsJg/FoSWA=
9,"BTW beware of the subtitles of the LA company which ""translate"" the US release.",CF8ohCfJoFcvdNKBRHHMNzcFgA==,CF8ohCfJoFcvdNKBRHHMNzcFgA==
10,"What a disgrace!If you cant understand French, get a dubbed version.",ByEm2iEtOLqSW8GCFUOOPA==,ByEm2iEtOLqSW8GCFUOOPA==
11,But you'll regret later :),8ljOKgITYGiA,A3SqS6lReQ2g
12,"When I say this is my favourite film of all time, that comment is not to be taken lightly.",1uFRRGGusEW6XGQA,BPWDakZN1DNqnakA
13,"I probably watch far too many films than is healthy for me, and have loved quite a few of them.",1SiNmABVHkosECyLmpQA,BlP/0v+yioZ+GEpliEwA
14,"I first saw ""La Femme Nikita"" nearly ten years ago, and it still manages to be my absolute favourite.",hmWewKBkqePBVwQhhCMA,BmP9PZ35ULNyJSEAhKeA
15,Why?This is more than an incredibly stylish and sexy thriller.,JLwcU8JZ44EDAY7pQAA=,Bc/lFle01gFWq1je/wA=
16,"Luc Besson's great flair for impeccable direction, fashion, and appropriate usage of music makes this a very watchable film.",HwYurwKins0sXBNcIZMQvO0i1r6KAA==,CgQ0ygM863Y3l+JoPuIfKLY8mysMAA==
17,"But it is Anne Parillaud's perfect rendering of a complex character who transforms from a heartless killer into a compassionate, vibrant young woman that makes this film beautiful.",msw1vIJgnVX8Rcu4gPk22kgYgxoITUmhjtUA,DISidXbJ37kRaBrKNWS/06OzTqKtJKprYAYA
18,"I can't keep my eyes off of her when she is on screen.I have seen several of Luc Besson's films including ""Subway"", ""The Professional"", and the irritating ""Fifth Element"", and ""Nikita"" is without a doubt, far superior to any of these.",T8Di6ROLok5aQaKjBICuADmQDWghSoccVYsW5a1qHvI=,DzPfGJopMVvkAbkwBMxoiLK7tgir9dq3J/RT2C+TLDA=
19,"Although this film has tragic elements, it is ultimately extremely hopeful.",BMbQjRDKK4goknwA,BMbQjRDKK4goknwA
20,"It is the story of a person who is cruel and merciless, who ultimately comes to realize her own humanity and her own personal power.",B/NRMQs+u0E0mL5TQoSSlGzg,B/NRMQs+u0E0mL5TQoSSlGzg
21,"That, to me is extremely inspiring.",koG3A0PSCHA=,AwIn2ljEy2A=
22,"If there is hope for Nikita, there is hope for all of us.",FgPS1RQoxC9CgA==,BAKcmefPeDWDAA==
23,I saw this movie because I am a huge fan of the TV series of the same name starring Roy Dupuis and Pet Wilson.,CLPbE7DBgSDhY/WguapBPCSRTA==,CLPbE7DBgSDhY/WguapBPCSRTA==
24,The movie was really good and I saw how the TV show is based on the movie.,digVwtUD4rtmhEbQ,BTkmBbo4K80Y3rsC
25,A few episodes of the TV series came directly from the movie and their similarity was amazing.,BnB+Z1sOIdlXGICBRI2A,BnB+Z1sOIdlXGICBRI2A
26,"To keep things short, any fan of the movie has to watch the series and any fan of the series must see the original Nikita.",CU5C9dJErWBbPO/bJg0CKOHAg+YA,CU5C9dJErWBbPO/bJg0CKOHAg+YA
27,"Being that the only foreign films I usually like star a Japanese person in a rubber suit who crushes little tiny buildings and tanks, I had high hopes for this movie.",2jAFa0GA6kPuJmsyC8+CjzctpNHkxk4hwGeeQA==,DOIKy1Pb62F0GX0YsLrjgGQVzwKcDq9zxzKCAA==
28,I thought that this was a movie that wouldn't put me to sleep.,BBPCYlrWS0FnAA==,BBPCYlrWS0FnAA==
29,"WRONG!Starts off with a bang, okay, now she's in training, alright, she's an assassin, I'm still with you, oh, now she's having this moral dilemma and she can't decide if she loves her boyfriend or her controller, zzzzz.... Oh well, back to Gamera!",DyGwtEvVGIFY/dOxAdphS0txAUAFlzDbTLjBEc4H/SQ=,DyGwtEvVGIFY/dOxAdphS0txAUAFlzDbTLjBEc4H/SQ=
30,"After seeing Point of No Return (a great movie) and being told that the original was better, I was certainly thrilled to see that one of the indie film channels was running La Femme Nikita.",zADuSh4Ed27SvoBVvKNpiQCUTiVDyF0iq2T1AA==,DMDsblOKY5JcBzRX0z6MLxyyFnUBgdlxWKPiAA==
31,Then I saw the movie.Ouch!This was a major let-down.Nikita herself reminds me of Jar Jar Binks more than any other character I've seen recently.,C+CQpwjyZGNu98wx+UNKOhhyYQVwKyEAiwA=,C+CQpwjyZGNu98wx+UNKOhhyYQVwKyEAiwA=
32,She comes across entirely as comic relief.,w0AVAsQssctg,A3QXJv9IhZ9A
33,"The movie simply has nothing to recommend it besides the core concept of an evil, inhuman character paradoxically learning to be human while training as an assassin, and that concept failed miserably in Nikita due to the poor writing of the title role.",OrDYV7cqipbW0QAmoO9TFIUMZCPbLB+GoDSDpPLwhIA=,DxkmHbfD8NC21Mz6VcSxhq1frP3oOYjJZkpkNdbmrAA=
34,"Stylish thriller?Hardly!This French action film from director Luc Besson is more confused and unsure about itself than anything else I have seen recently.The opening action sequence shows some promise, and the following action sequences are good.",DtyDoxWP/HABBAV1XykBMYY6Va0y0KPKORMwBmg6UwA=,DtyDoxWP/HABBAV1XykBMYY6Va0y0KPKORMwBmg6UwA=
35,However they are sadly too few and far between.,0mAjElp9Aqkg,A4Q9uZcq9Cgg
36,"The drama is dull and erratic, and the characters are generally unlikeable.",hR2+HB0woEF9wpAY,BRimuqeXN3YLyVlA
37,Anne Parillaud and the support cast are unable to involve the audience emotionally.,1EqRWKjAJPiJiRsYcKSFJjng,B/Qofev10NAuzt3/hzTxbJ0g
38,"""La Femme Nikita"" ends up more like a try hard, B-grade action thriller.",FBCxafAY4LAYfyYQHJp7cREA,B+DeTqAQvyAQVcQf6OxSXh4A
39,"Very average!Saturday, April 28, 1991 - Balwyn Cinema",1A7dkKzItIZSLsK4LIGCDGA=,B4vYBRwCyXbsgSecE+0AJcA=
40,"A Luc Besson (L¨¦on, The Fith Element, The Messenger: The Story of Joan of Arc.",qKC74rxoaiMdNaouNqhBmaCE2PE3nA==,CiAWa6Qu84+UUNj/OE1MrXiCyKNlfA==
41,"Angel-A) film with Anne Parillaud (Innocent Blood), Tch¨¦ky Karyo(The Messenger: The Story of Joan of Arc, The Patriot, Kiss of the Dragon) and Jean Reno (L¨¦on , The Crimson Rivers, Godzilla).",rT1HQCSic4gUBtMmljyOQ1wS7D95KKi9cngNR40CYA==,DpU5bBY+V6LntfYkNqyhohIFIEaNUifpK+FFFk2wmA==
42,"It doesn't get better than this.The photography by Thierry Arbogast was perfect, especially the blue lighting at the pharmacy scene.",6GkFj0IQWC+T+4USQE+jPVssoGbyCEA=,CnNOn9wLki/lKoF8USAa0hc1n0rRwIA=
43,It is easy to see why Besson uses him for his films.,dwVlJqSCUCJqAiA=,BINU4RfUrJ/Aw/A=
44,"He is a master.Parillaud was absolutely magnificent in a character that was a strong woman, and a little girl at the same time.",S/CWDKSHw1EnlT7C3MTjWZgeAJS0cEFNAA==,C0Tbt9kWqc34FHlXpq4Db27xEYxzRAFYAA==
45,"She was a profession, but she was also human.",w1EHExIoCOzA,A2QUBjcMv26A
46,To see this instead of the comic book characters we are so familiar with is refreshing.Reno was a perfect cleaner.,ikQJQqgoAMRMl3eaU4zsvpqSWkFRigA=,Ck5HBa2FhUENmu13JKhE+mDyqOm4MgA=
47,Hard and professional.Get the mission done.Jean-Hugues Anglade added just the right touch of sensitivity.,CoHQNgkgH8uRjiWlq06AXaEiIvUqI9A=,CoHQNgkgH8uRjiWlq06AXaEiIvUqI9A=
48,Outstanding!There are just not enough superlatives to use in describing the acting and action in the film.,FHMCOKuWWugiXEosVITqYlQ=,B6ID0M0bk0/Dl4w3mPizvGQ=
49,This isn't my typical movie genre.,cli2EARMSajA,A3eagoTug/9A
50,I am more interested in character drama than action movies.,g6BFqASgCF54,A6PmTkrq4rzE
51,This is able to span both genres in a way that Hollywood hasn't managed to accomplish.,BpfVCzCwYb1EoEMMSOVQ,BpfVCzCwYb1EoEMMSOVQ
52,"The plot was interesting and the acting by Anne Parillaud was exceptional.I had seen the American remake, called ""Point of No Return"" and found it to be an OK movie, but I wanted to see the original.",21igELrrKgXZLDxQi5NjLkT6pCc2E8EnLnUAYwA=,DUnBVx8uD+j3PF3aoBbGAfkn8p50wt0bSgcqQQA=
53,I am glad that I did.The technical aspects of direction and editing are very good.,RifavaEEfSj5wpqVsRwA,BkPk8omdp10rdcb6EB0A
54,The plot was interesting - revolving around the timeless theme of redemption.,Nrxpg7SARFrDigI5zA==,BbnBVx8zU0Ob8AMUbA==
55,"The acting made this an exceptional movie.For fans of the action genre, they will be quite happy.",HK1KOxWDB8j4Q9fgxO8SA4tBVwA=,CMmMLeb9+o9QfWVAh0ocAvJ+ZQA=
56,For those like myself who are more interested in character and plot-driven movies may find this to be a pleasant surprise as well.,tWE4hjB1pUFdZNTY72v3QJA=,B6y5JcPuQ3GvmnrFq5ZHuJA=
57,La Femme Nikita (1990) was a great movie from genre director Luc Besson.,BhWgkTR+AImlnC+/RIg=,BhWgkTR+AImlnC+/RIg=
58,The story is about a drugged out young woman (Anne Parillund) who's hung out with the wrong crowd one too many times.,CRnnWdK5q+FS0Gg8FAEC9IA2+cg=,CRnnWdK5q+FS0Gg8FAEC9IA2+cg=
59,"During a botched drug store robbery and subsequent shoot out with the police, NIkita is the only survivor.",lDtEgkmKJ+uxAV3DbpMdApYA,B9WtUSAsFqR6e+1vJDnQLMiA
60,"She's tried, sentenced and executed.",csUh4tT2EKAI,A6QVBrg1Ld3Q
61,"But, she wakes up in a strange room and greeted by a quiet and subdued individual (Tcheky Kayro) he tells her that she's been given a second chance at life.",+yc7oq0pQUOmURcwYIcBj6fnR0mrACLVrY+2q0KB3A==,DrSox1N6spjH4VtJC42Kxf7RGjxkvFcDLEtBtaJ0kA==
62,But will she do what needs to be done in order for her to receive.,hOBAUkaTOxGkT5/A,BOSk9rAjGAmt4n2A
63,Will Nikita take this opportunity at a second life or will she throw it all away?,Jp0CxagEQMQfJccIBXbFDwA=,B06o+3VQVa/mhPlf+5JRWQA=
64,Watch LA FEMME NIKITA to find out.The always imitated by never properly duplicated chic thriller has become a fixture in pop culture.,DwaIL8SmPTiBVM7h7Cb5bbwoMEEwHfolGUTgTEHHYiA=,DwaIL8SmPTiBVM7h7Cb5bbwoMEEwHfolGUTgTEHHYiA=
65,Not only was this film remade several times but it also spawned an unrelated television series.,BWpCTJJDWwILG22swA==,BWpCTJJDWwILG22swA==
66,Anne Parillund is super hot in her role as Nikita.,JxkiYpEILIPAoq+gyTsy,BrQofev1cKmqKIyA9DaW
67,Watch out for Luc Besson regular Jean Reno as Victor the Cleaner.Highly recommended.,yegBIE5uYrOYDVXKB9wxoAbsoC2A,CXaIRMLMRlTn2WdPwO4yVDTWXvkA
68,"Luc Besson has been behind some of the most provocative and intriguing action films of the last 15 years, and his introduction to mainstream American cinema-goers began with 1991's ""La Femme Nikita.""",CwQ0ygbUUUozpdwhmh3HTuTTRAjqGUAQ,CwQ0ygbUUUozpdwhmh3HTuTTRAjqGUAQ
69,"Beginning with a drug store shootout that leaves three junkie punkers and a few policemen dead, this film is rapidly engaging and shows off Besson's violent chic.",2RqiEg4H8bK+kjwW9xEF35A8lMKNvpEEfsOSa+I0FgA=,DvIBL8pqwVvY9jJs3dM7L3UFHA4lt4pQW5qWEwH2m6A=
70,"In the fray, only young Nikita (Anne Parillaud) survives, after offing a policeman who had let his guard down at a crucial moment.",uIHcZbDNqwk6f+RMCySAifPA1SmAUg6U0DA=,DA0tfzNe+juHD5ADPl6Sn0gd/FtoJ9FkgsA=
71,"Facing certain death in France's court of law, she is given two choices: lethal injection, or have her execution faked, and then assume a new life as a female super-assassin/spy.",2ACAnbdqfUu+aqCJtg3NsQmMEMmc/6GWGiCkCXFWSSA=,DwD/50gP2xoiEi7sGKX5FhcOiYiPqOKisF570MBS9oA=
72,"A wild-raised feral child of sorts, Nikita had picked up certain skills on the street that eventually prove to be quite valuable to her government handlers, as she makes things difficult for them and especially her chief mentor Bob (Tcheky Karyo).",zkRLsjMtN3MdSSj/CI8CCkd2RZ5TxxZ+AA14pEgmIA==,DqABqRG29bLZL2Nfm1hpcopzq7QdT3pWmls1dTnReA==
73,"No secret is made of his affections for her, but he tries to mold Nikita into a valuable person, and he's able to do it with the help of another agent, played by actress Jeanne Moreau, who teaches her the finer ways of womanhood.",GLNKWBtAzK6qf4qHJKEBzNb8njMpijkPoiiUZgg0Pdg=,DyJzkBJ/dzTMVQz6OMH+iJtXFCIxDC4Kw88YRA/YKWw=
74,"By the end of her training, Nikita has been modeled into a fine, sexy female assassin.",RxCKLxEUHM9kGU5NQ4QAIkA=,B2bkaYmM0dJAGMJr/EAAIEA=
75,"Besson makes no attempts to sacrifice his film in the ways of Hollywood convention, and he proves that the days of female-driven action cinema are not yet dead.",TLIM77gMaSkY3Gs2pzw0ETkZxJrDUT4II7JA,DHVZeDu3GKMqe9ZTntEmdlzUjF8wVHmRMLnA
76,"Parillaud is compelling, as at first, she almost seems unaware of her identity as a woman.",CEMmhdZqyVCifHWFESbAIJg1AA==,CEMmhdZqyVCifHWFESbAIJg1AA==
77,"When she isn't taking out high-powered political officials, she's romancing a kind and gentle shop clerk, who falls madly in love with her as she does with him.",DCWSNAejOlZVSeYKm7nFaaJ9cTKtdIDjuAg=,DCWSNAejOlZVSeYKm7nFaaJ9cTKtdIDjuAg=
78,"Lastly, ""La Femme Nikita"" has some of the most stylized and violent action scenes of any movie I've seen in a while.",tVOWkgXB5iGDVyiCTVLXiKA=,B4X/g0jQTLIaYW1uMCo3ogA=
79,"Luc Besson, with this film and much of his subsequent work, has proved he is one of cinema's most valuable personalities on the European, Asian, and American action film circuits.",C4Q0ygDNmautEDQ617VAyH6KmuQKZPACQA==,C4Q0ygDNmautEDQ617VAyH6KmuQKZPACQA==
80,"Also, be aware of a cameo by future Besson ""Leon"" (1994) star Jean Reno as Victor the Cleaner, in what is pretty much an early prototype of his role from that star-making breakthrough film.8/10",bDqNSGUIqtlVEDZnkCmXRo5wk5E7PmPQ+lvFEjhAuIQ=,DzsVD3M5udbWgrlHMxDidVi0A3YD8gkt6SQQRvCgNpI=
81,"This isn't the worst comedy of all-time, but that is about the best thing that I can say about this pathetic film.",hrEtNsIFL1htDTRlM6F2,BrearG5rRBxxfEgtHr/I
82,"I didn't laugh once, or even smile once during this bomb.",NjiEBc1jrIfIntMAIA==,BXP5nseo9Z3z705mQA==
83,"There was usually something going on on-screen, so I didn't get TOO bored, but most of the jokes here were simply awful.",CUoq7CXw6ZwqgiLFmFrjkPQxZlQA,CUoq7CXw6ZwqgiLFmFrjkPQxZlQA
84,The final sequence is nothing more than a long series of people falling through doors and stumbling all over the place.,lKDCnckpLeRw5qBUhgBKUg==,BzhErdwSJJzDh0cgJCRXyg==
85,"Needless to say, it was a fitting way to end a movie that was impossible for me to like.",NpWJ14fRhkAGQEuWcA==,BYc+0VEr+szJ/5cvsA==
86,"A lot of people criticize this movie as just being too dumb, but I'm just saying, give this movie a chance.",BrAtFgiRwxiWYBy64CKc,BrAtFgiRwxiWYBy64CKc
87,"It may not be the best film ever made, but at least it has clever gags in it and also includes a very young John Candy.",CKNCOS+scqSXFijHOcZIzLBkUA==,CKNCOS+scqSXFijHOcZIzLBkUA==
88,"I saw clips of the movie on the internet and I was amazed on how they were funny, especially the scene when Candy unintentionally almost destroys the entire police station while trying to find a pencil or when he hilariously fails his shooting test in the gun range.",zjDYZKFEBwBMdKkViKlAqqlF5Tv3XosME4buepCdoQA=,DtPbMTBhdxE/otwmDAXYpdt0YBwoN0uLmTUZqCA8WwA=
89,"Since this movie was barely released in the U.S., you may want to track down a copy of it before it disappears completely.",Bs2lwE6AJkMRQR21aOc/AA==,Bs2lwE6AJkMRQR21aOc/AA==
90,"Also look for Peter Cook, Mickey Rooney, and Dick Emery, in what was to be his last film role, in the cast, as well.",n8FQiKI52ZYTeRJDNM/wJCikfEoWqEA=,CosUGycJmINhMNNRdgNcm1RsO7esnOA=
91,"Before John Candy was really famous, he starred in this rather silly Canadian movie about a series of kidnappings.",x9kQAE8TXqKNrBTATJTbHgw=,B6SGpM1Gpg4DeNb0nqkIBuQ=
92,"He plays police officer Kopek, investigating the kidnappings and getting into a bunch of loopy situations along the way.",3Z9DQoij8LBAkYiYfVQdCanWwSaQ,CYTT3+wRZsMeLAHNUszFoufQLgiA
93,"The only other cast member whom I recognized was Mickey Rooney, playing a trigger-happy hit-man named Trigger (although apparently, Peter Cook also starred).Overall, ""Find the Lady"" is nothing special, mostly a series of gags, but it's pretty fun, especially the end scene.",DykAsgJEukHmumjwOowlBnvzmVCWcpYBsJN/hvgl6Xw=,DykAsgJEukHmumjwOowlBnvzmVCWcpYBsJN/hvgl6Xw=
94,I guess that you could say that it backs up what Michael Moore always says: Canada is the greatest place on earth.,R1HDnAqBZE0ipLxla83s2A==,ByP8WZO6yMExv0jr1qeVgA==
95,Groucho are Carmen Miranda are Marvooolussss together.,Clw0LIIMB+RQFYO9ggh1qEmEScV80wA=,Clw0LIIMB+RQFYO9ggh1qEmEScV80wA=
96,What a great combination and beauty and the beast.,BOEmwHlySL5QbXWA,BOEmwHlySL5QbXWA
97,"The movie has it all, cheesey musicals, goofy love scenes and Groucho's one liners.",HIW1AICzOOKEwVMAwiNpXX1XWgA=,CPkmAP8iL0MHfmIAg8JOaamabAA=
98,Buy it if you are a Groucho fan.,EhGNmGoe5g1CQA==,A+EJEEwUu/Z8QA==
99,"In New York City, Lionel Q. Devereaux (Groucho Marx) and his fianc¨¦e Carmen Novarro (Carmen Miranda) are unsuccessfully trying to find a spot in the show business.",Db1eAFrYHN/ckCVQgwChkl6RgC46pAFKqpT4SbA=,Db1eAFrYHN/ckCVQgwChkl6RgC46pAFKqpT4SbA=
